INSERT INTO colegperry.member (memberID, fname, lname, phonenum, memlevelID, totalspent) VALUES (1, 'First1', 'Last1', '123456781', 1, 100.0);
INSERT INTO colegperry.member (memberID, fname, lname, phonenum, memlevelID, totalspent) VALUES (2, 'First2', 'Last2', '123456782', 1, 200.0);
INSERT INTO colegperry.member (memberID, fname, lname, phonenum, memlevelID, totalspent) VALUES (3, 'First3', 'Last3', '123456783', 1, 300.0);
INSERT INTO colegperry.member (memberID, fname, lname, phonenum, memlevelID, totalspent) VALUES (4, 'First4', 'Last4', '123456784', 1, 400.0);
INSERT INTO colegperry.member (memberID, fname, lname, phonenum, memlevelID, totalspent) VALUES (5, 'First5', 'Last5', '123456785', 1, 500.0);
INSERT INTO colegperry.member (memberID, fname, lname, phonenum, memlevelID, totalspent) VALUES (6, 'First6', 'Last6', '123456786', 1, 600.0);
INSERT INTO colegperry.member (memberID, fname, lname, phonenum, memlevelID, totalspent) VALUES (7, 'First7', 'Last7', '123456787', 1, 700.0);
INSERT INTO colegperry.member (memberID, fname, lname, phonenum, memlevelID, totalspent) VALUES (8, 'First8', 'Last8', '123456788', 1, 800.0);
INSERT INTO colegperry.member (memberID, fname, lname, phonenum, memlevelID, totalspent) VALUES (9, 'First9', 'Last9', '123456789', 1, 900.0);
INSERT INTO colegperry.member (memberID, fname, lname, phonenum, memlevelID, totalspent) VALUES (10, 'First10', 'Last10', '1234567810', 1, 1000.0);

INSERT INTO colegperry.memlevel (levelID, levelname, discount, minspent) VALUES (1, 'Gold', 15, 500);
INSERT INTO colegperry.memlevel (levelID, levelname, discount, minspent) VALUES (2, 'Silver', 10, 300);
INSERT INTO colegperry.memlevel (levelID, levelname, discount, minspent) VALUES (3, 'Level3', 5, 100);
INSERT INTO colegperry.memlevel (levelID, levelname, discount, minspent) VALUES (4, 'Level4', 5, 100);
INSERT INTO colegperry.memlevel (levelID, levelname, discount, minspent) VALUES (5, 'Level5', 5, 100);
INSERT INTO colegperry.memlevel (levelID, levelname, discount, minspent) VALUES (6, 'Level6', 5, 100);
INSERT INTO colegperry.memlevel (levelID, levelname, discount, minspent) VALUES (7, 'Level7', 5, 100);
INSERT INTO colegperry.memlevel (levelID, levelname, discount, minspent) VALUES (8, 'Level8', 5, 100);
INSERT INTO colegperry.memlevel (levelID, levelname, discount, minspent) VALUES (9, 'Level9', 5, 100);
INSERT INTO colegperry.memlevel (levelID, levelname, discount, minspent) VALUES (10, 'Level10', 5, 100);

INSERT INTO colegperry.course (courseID, courseName, time, sdate, edate) VALUES (1, 'Course1', 10, '2023-01-01', '2023-12-31');
INSERT INTO colegperry.course (courseID, courseName, time, sdate, edate) VALUES (2, 'Course2', 10, '2023-01-01', '2023-12-31');
INSERT INTO colegperry.course (courseID, courseName, time, sdate, edate) VALUES (3, 'Course3', 10, '2023-01-01', '2023-12-31');
INSERT INTO colegperry.course (courseID, courseName, time, sdate, edate) VALUES (4, 'Course4', 10, '2023-01-01', '2023-12-31');
INSERT INTO colegperry.course (courseID, courseName, time, sdate, edate) VALUES (5, 'Course5', 10, '2023-01-01', '2023-12-31');
INSERT INTO colegperry.course (courseID, courseName, time, sdate, edate) VALUES (6, 'Course6', 10, '2023-01-01', '2023-12-31');
INSERT INTO colegperry.course (courseID, courseName, time, sdate, edate) VALUES (7, 'Course7', 10, '2023-01-01', '2023-12-31');
INSERT INTO colegperry.course (courseID, courseName, time, sdate, edate) VALUES (8, 'Course8', 10, '2023-01-01', '2023-12-31');
INSERT INTO colegperry.course (courseID, courseName, time, sdate, edate) VALUES (9, 'Course9', 10, '2023-01-01', '2023-12-31');
INSERT INTO colegperry.course (courseID, courseName, time, sdate, edate) VALUES (10, 'Course10', 10, '2023-01-01', '2023-12-31');

INSERT INTO colegperry.trainer (trainerID, trainername, phonenum) VALUES (1, 'Trainer1', '987654321');
INSERT INTO colegperry.trainer (trainerID, trainername, phonenum) VALUES (2, 'Trainer2', '987654322');
INSERT INTO colegperry.trainer (trainerID, trainername, phonenum) VALUES (3, 'Trainer3', '987654323');
INSERT INTO colegperry.trainer (trainerID, trainername, phonenum) VALUES (4, 'Trainer4', '987654324');
INSERT INTO colegperry.trainer (trainerID, trainername, phonenum) VALUES (5, 'Trainer5', '987654325');
INSERT INTO colegperry.trainer (trainerID, trainername, phonenum) VALUES (6, 'Trainer6', '987654326');
INSERT INTO colegperry.trainer (trainerID, trainername, phonenum) VALUES (7, 'Trainer7', '987654327');
INSERT INTO colegperry.trainer (trainerID, trainername, phonenum) VALUES (8, 'Trainer8', '987654328');
INSERT INTO colegperry.trainer (trainerID, trainername, phonenum) VALUES (9, 'Trainer9', '987654329');
INSERT INTO colegperry.trainer (trainerID, trainername, phonenum) VALUES (10, 'Trainer10', '9876543210');

INSERT INTO colegperry.trainClass (trainerID, classID) VALUES (1, 1);
INSERT INTO colegperry.trainClass (trainerID, classID) VALUES (2, 2);
INSERT INTO colegperry.trainClass (trainerID, classID) VALUES (3, 3);
INSERT INTO colegperry.trainClass (trainerID, classID) VALUES (4, 4);
INSERT INTO colegperry.trainClass (trainerID, classID) VALUES (5, 5);
INSERT INTO colegperry.trainClass (trainerID, classID) VALUES (6, 6);
INSERT INTO colegperry.trainClass (trainerID, classID) VALUES (7, 7);
INSERT INTO colegperry.trainClass (trainerID, classID) VALUES (8, 8);
INSERT INTO colegperry.trainClass (trainerID, classID) VALUES (9, 9);
INSERT INTO colegperry.trainClass (trainerID, classID) VALUES (10, 10);

INSERT INTO colegperry.item (itemID, memberID, checkin, checkout, qty, lost) VALUES (1, 1, 8, 18, 1, 0);
INSERT INTO colegperry.item (itemID, memberID, checkin, checkout, qty, lost) VALUES (2, 2, 8, 18, 1, 0);
INSERT INTO colegperry.item (itemID, memberID, checkin, checkout, qty, lost) VALUES (3, 3, 8, 18, 1, 0);
INSERT INTO colegperry.item (itemID, memberID, checkin, checkout, qty, lost) VALUES (4, 4, 8, 18, 1, 0);
INSERT INTO colegperry.item (itemID, memberID, checkin, checkout, qty, lost) VALUES (5, 5, 8, 18, 1, 0);
INSERT INTO colegperry.item (itemID, memberID, checkin, checkout, qty, lost) VALUES (6, 6, 8, 18, 1, 0);
INSERT INTO colegperry.item (itemID, memberID, checkin, checkout, qty, lost) VALUES (7, 7, 8, 18, 1, 0);
INSERT INTO colegperry.item (itemID, memberID, checkin, checkout, qty, lost) VALUES (8, 8, 8, 18, 1, 0);
INSERT INTO colegperry.item (itemID, memberID, checkin, checkout, qty, lost) VALUES (9, 9, 8, 18, 1, 0);
INSERT INTO colegperry.item (itemID, memberID, checkin, checkout, qty, lost) VALUES (10, 10, 8, 18, 1, 0);

INSERT INTO colegperry.transaction (transID, amount, transdate, transtype) VALUES (1, 100, '2023-06-01', 'Purchase');
INSERT INTO colegperry.transaction (transID, amount, transdate, transtype) VALUES (2, 100, '2023-06-01', 'Purchase');
INSERT INTO colegperry.transaction (transID, amount, transdate, transtype) VALUES (3, 100, '2023-06-01', 'Purchase');
INSERT INTO colegperry.transaction (transID, amount, transdate, transtype) VALUES (4, 100, '2023-06-01', 'Purchase');
INSERT INTO colegperry.transaction (transID, amount, transdate, transtype) VALUES (5, 100, '2023-06-01', 'Purchase');
INSERT INTO colegperry.transaction (transID, amount, transdate, transtype) VALUES (6, 100, '2023-06-01', 'Purchase');
INSERT INTO colegperry.transaction (transID, amount, transdate, transtype) VALUES (7, 100, '2023-06-01', 'Purchase');
INSERT INTO colegperry.transaction (transID, amount, transdate, transtype) VALUES (8, 100, '2023-06-01', 'Purchase');
INSERT INTO colegperry.transaction (transID, amount, transdate, transtype) VALUES (9, 100, '2023-06-01', 'Purchase');
INSERT INTO colegperry.transaction (transID, amount, transdate, transtype) VALUES (10, 100, '2023-06-01', 'Purchase');

INSERT INTO colegperry.coursePackage (packagenum, packagename, firstclassID, secondclassID) VALUES (1, 'Package1', 1, 2);
INSERT INTO colegperry.coursePackage (packagenum, packagename, firstclassID, secondclassID) VALUES (2, 'Package2', 2, 3);
INSERT INTO colegperry.coursePackage (packagenum, packagename, firstclassID, secondclassID) VALUES (3, 'Package3', 3, 4);
INSERT INTO colegperry.coursePackage (packagenum, packagename, firstclassID, secondclassID) VALUES (4, 'Package4', 4, 5);
INSERT INTO colegperry.coursePackage (packagenum, packagename, firstclassID, secondclassID) VALUES (5, 'Package5', 5, 6);
INSERT INTO colegperry.coursePackage (packagenum, packagename, firstclassID, secondclassID) VALUES (6, 'Package6', 6, 7);
INSERT INTO colegperry.coursePackage (packagenum, packagename, firstclassID, secondclassID) VALUES (7, 'Package7', 7, 8);
INSERT INTO colegperry.coursePackage (packagenum, packagename, firstclassID, secondclassID) VALUES (8, 'Package8', 8, 9);
INSERT INTO colegperry.coursePackage (packagenum, packagename, firstclassID, secondclassID) VALUES (9, 'Package9', 9, 10);
INSERT INTO colegperry.coursePackage (packagenum, packagename, firstclassID, secondclassID) VALUES (10, 'Package10', 10, 11);

