INSERT INTO member (memberID, fname, lname, phonenum, memlevel, totalspent) VALUES ('1', 'First1', 'Last1', '123456781', 'Gold', '100.0');
INSERT INTO member (memberID, fname, lname, phonenum, memlevel, totalspent) VALUES ('2', 'First2', 'Last2', '123456782', 'Gold', '200.0');
INSERT INTO member (memberID, fname, lname, phonenum, memlevel, totalspent) VALUES ('3', 'First3', 'Last3', '123456783', 'Gold', '300.0');
INSERT INTO member (memberID, fname, lname, phonenum, memlevel, totalspent) VALUES ('4', 'First4', 'Last4', '123456784', 'Gold', '400.0');
INSERT INTO member (memberID, fname, lname, phonenum, memlevel, totalspent) VALUES ('5', 'First5', 'Last5', '123456785', 'Gold', '500.0');
INSERT INTO member (memberID, fname, lname, phonenum, memlevel, totalspent) VALUES ('6', 'First6', 'Last6', '123456786', 'Gold', '600.0');
INSERT INTO member (memberID, fname, lname, phonenum, memlevel, totalspent) VALUES ('7', 'First7', 'Last7', '123456787', 'Gold', '700.0');
INSERT INTO member (memberID, fname, lname, phonenum, memlevel, totalspent) VALUES ('8', 'First8', 'Last8', '123456788', 'Gold', '800.0');
INSERT INTO member (memberID, fname, lname, phonenum, memlevel, totalspent) VALUES ('9', 'First9', 'Last9', '123456789', 'Gold', '900.0');
INSERT INTO member (memberID, fname, lname, phonenum, memlevel, totalspent) VALUES ('10', 'First10', 'Last10', '1234567810', 'Gold', '1000.0');
INSERT INTO course (courseID, courseName, time, sdate, edate) VALUES ('1', 'Course1', '1000', 'TO_DATE('2023-01-01', 'YYYY-MM-DD')', 'TO_DATE('2023-06-01', 'YYYY-MM-DD')');
INSERT INTO course (courseID, courseName, time, sdate, edate) VALUES ('2', 'Course2', '1100', 'TO_DATE('2023-01-02', 'YYYY-MM-DD')', 'TO_DATE('2023-06-02', 'YYYY-MM-DD')');
INSERT INTO course (courseID, courseName, time, sdate, edate) VALUES ('3', 'Course3', '1200', 'TO_DATE('2023-01-03', 'YYYY-MM-DD')', 'TO_DATE('2023-06-03', 'YYYY-MM-DD')');
INSERT INTO course (courseID, courseName, time, sdate, edate) VALUES ('4', 'Course4', '1300', 'TO_DATE('2023-01-04', 'YYYY-MM-DD')', 'TO_DATE('2023-06-04', 'YYYY-MM-DD')');
INSERT INTO course (courseID, courseName, time, sdate, edate) VALUES ('5', 'Course5', '1400', 'TO_DATE('2023-01-05', 'YYYY-MM-DD')', 'TO_DATE('2023-06-05', 'YYYY-MM-DD')');
INSERT INTO course (courseID, courseName, time, sdate, edate) VALUES ('6', 'Course6', '1500', 'TO_DATE('2023-01-06', 'YYYY-MM-DD')', 'TO_DATE('2023-06-06', 'YYYY-MM-DD')');
INSERT INTO course (courseID, courseName, time, sdate, edate) VALUES ('7', 'Course7', '1600', 'TO_DATE('2023-01-07', 'YYYY-MM-DD')', 'TO_DATE('2023-06-07', 'YYYY-MM-DD')');
INSERT INTO course (courseID, courseName, time, sdate, edate) VALUES ('8', 'Course8', '1700', 'TO_DATE('2023-01-08', 'YYYY-MM-DD')', 'TO_DATE('2023-06-08', 'YYYY-MM-DD')');
INSERT INTO course (courseID, courseName, time, sdate, edate) VALUES ('9', 'Course9', '1800', 'TO_DATE('2023-01-09', 'YYYY-MM-DD')', 'TO_DATE('2023-06-09', 'YYYY-MM-DD')');
INSERT INTO course (courseID, courseName, time, sdate, edate) VALUES ('10', 'Course10', '1900', 'TO_DATE('2023-01-010', 'YYYY-MM-DD')', 'TO_DATE('2023-06-010', 'YYYY-MM-DD')');
INSERT INTO trainer (trainerID, trainername, phonenum) VALUES ('1', 'Trainer1', '987654321');
INSERT INTO trainer (trainerID, trainername, phonenum) VALUES ('2', 'Trainer2', '987654322');
INSERT INTO trainer (trainerID, trainername, phonenum) VALUES ('3', 'Trainer3', '987654323');
INSERT INTO trainer (trainerID, trainername, phonenum) VALUES ('4', 'Trainer4', '987654324');
INSERT INTO trainer (trainerID, trainername, phonenum) VALUES ('5', 'Trainer5', '987654325');
INSERT INTO trainer (trainerID, trainername, phonenum) VALUES ('6', 'Trainer6', '987654326');
INSERT INTO trainer (trainerID, trainername, phonenum) VALUES ('7', 'Trainer7', '987654327');
INSERT INTO trainer (trainerID, trainername, phonenum) VALUES ('8', 'Trainer8', '987654328');
INSERT INTO trainer (trainerID, trainername, phonenum) VALUES ('9', 'Trainer9', '987654329');
INSERT INTO trainer (trainerID, trainername, phonenum) VALUES ('10', 'Trainer10', '9876543210');
INSERT INTO trainClass (trainerID, classID) VALUES ('1', '1');
INSERT INTO trainClass (trainerID, classID) VALUES ('2', '2');
INSERT INTO trainClass (trainerID, classID) VALUES ('3', '3');
INSERT INTO trainClass (trainerID, classID) VALUES ('4', '4');
INSERT INTO trainClass (trainerID, classID) VALUES ('5', '5');
INSERT INTO trainClass (trainerID, classID) VALUES ('6', '6');
INSERT INTO trainClass (trainerID, classID) VALUES ('7', '7');
INSERT INTO trainClass (trainerID, classID) VALUES ('8', '8');
INSERT INTO trainClass (trainerID, classID) VALUES ('9', '9');
INSERT INTO trainClass (trainerID, classID) VALUES ('10', '10');
INSERT INTO item (itemID, memberID, checkin, checkout, qty, lost) VALUES ('1', '1', '900', '1100', '2', '0');
INSERT INTO item (itemID, memberID, checkin, checkout, qty, lost) VALUES ('2', '2', '900', '1100', '2', '0');
INSERT INTO item (itemID, memberID, checkin, checkout, qty, lost) VALUES ('3', '3', '900', '1100', '2', '0');
INSERT INTO item (itemID, memberID, checkin, checkout, qty, lost) VALUES ('4', '4', '900', '1100', '2', '0');
INSERT INTO item (itemID, memberID, checkin, checkout, qty, lost) VALUES ('5', '5', '900', '1100', '2', '0');
INSERT INTO item (itemID, memberID, checkin, checkout, qty, lost) VALUES ('6', '6', '900', '1100', '2', '0');
INSERT INTO item (itemID, memberID, checkin, checkout, qty, lost) VALUES ('7', '7', '900', '1100', '2', '0');
INSERT INTO item (itemID, memberID, checkin, checkout, qty, lost) VALUES ('8', '8', '900', '1100', '2', '0');
INSERT INTO item (itemID, memberID, checkin, checkout, qty, lost) VALUES ('9', '9', '900', '1100', '2', '0');
INSERT INTO item (itemID, memberID, checkin, checkout, qty, lost) VALUES ('10', '10', '900', '1100', '2', '0');
INSERT INTO transaction (transID, amount, transdate, transtype) VALUES ('1', '100', 'TO_DATE('2023-01-01', 'YYYY-MM-DD')', 'Course Enrollment');
INSERT INTO transaction (transID, amount, transdate, transtype) VALUES ('2', '200', 'TO_DATE('2023-01-02', 'YYYY-MM-DD')', 'Course Enrollment');
INSERT INTO transaction (transID, amount, transdate, transtype) VALUES ('3', '300', 'TO_DATE('2023-01-03', 'YYYY-MM-DD')', 'Course Enrollment');
INSERT INTO transaction (transID, amount, transdate, transtype) VALUES ('4', '400', 'TO_DATE('2023-01-04', 'YYYY-MM-DD')', 'Course Enrollment');
INSERT INTO transaction (transID, amount, transdate, transtype) VALUES ('5', '500', 'TO_DATE('2023-01-05', 'YYYY-MM-DD')', 'Course Enrollment');
INSERT INTO transaction (transID, amount, transdate, transtype) VALUES ('6', '600', 'TO_DATE('2023-01-06', 'YYYY-MM-DD')', 'Course Enrollment');
INSERT INTO transaction (transID, amount, transdate, transtype) VALUES ('7', '700', 'TO_DATE('2023-01-07', 'YYYY-MM-DD')', 'Course Enrollment');
INSERT INTO transaction (transID, amount, transdate, transtype) VALUES ('8', '800', 'TO_DATE('2023-01-08', 'YYYY-MM-DD')', 'Course Enrollment');
INSERT INTO transaction (transID, amount, transdate, transtype) VALUES ('9', '900', 'TO_DATE('2023-01-09', 'YYYY-MM-DD')', 'Course Enrollment');
INSERT INTO transaction (transID, amount, transdate, transtype) VALUES ('10', '1000', 'TO_DATE('2023-01-10', 'YYYY-MM-DD')', 'Course Enrollment');
INSERT INTO coursePackage (packagenum, packagename, firstclassID, secondclassID) VALUES ('1', 'Package1', '1', '2');
INSERT INTO coursePackage (packagenum, packagename, firstclassID, secondclassID) VALUES ('2', 'Package2', '2', '3');
INSERT INTO coursePackage (packagenum, packagename, firstclassID, secondclassID) VALUES ('3', 'Package3', '3', '4');
INSERT INTO coursePackage (packagenum, packagename, firstclassID, secondclassID) VALUES ('4', 'Package4', '4', '5');
INSERT INTO coursePackage (packagenum, packagename, firstclassID, secondclassID) VALUES ('5', 'Package5', '5', '6');
INSERT INTO coursePackage (packagenum, packagename, firstclassID, secondclassID) VALUES ('6', 'Package6', '6', '7');
INSERT INTO coursePackage (packagenum, packagename, firstclassID, secondclassID) VALUES ('7', 'Package7', '7', '8');
INSERT INTO coursePackage (packagenum, packagename, firstclassID, secondclassID) VALUES ('8', 'Package8', '8', '9');
INSERT INTO coursePackage (packagenum, packagename, firstclassID, secondclassID) VALUES ('9', 'Package9', '9', '10');